{"graph": {"_type": "graph-file", "sha256": "a6a25f144b1ba2f9e9f8985512616bd22062623f0e4eb9f3899d56cb867aaac0", "size": 1499, "path": "media/graph/graph_summary_a6a25f144b1ba2f9e9f8.graph.json"}, "epoch": 58, "_timestamp": 1659783407, "_runtime": 221, "loss": 0.3966761827468872, "accuracy": 0.8044291138648987, "val_loss": 0.3929068148136139, "val_accuracy": 0.806785523891449, "_step": 58, "best_val_loss": 0.39114949107170105, "best_epoch": 44, "_wandb": {"runtime": 222}}