{"graph": {"_type": "graph-file", "sha256": "c507337db0a54cb442b9ae50803c519adefb0a928417335b318aeaa78ecb7fcb", "size": 1797, "path": "media/graph/graph_summary_c507337db0a54cb442b9.graph.json"}, "epoch": 28, "_timestamp": 1659783615, "_runtime": 128, "loss": 0.41832172870635986, "accuracy": 0.7963761687278748, "val_loss": 0.40289106965065, "val_accuracy": 0.8027602434158325, "_step": 28, "best_val_loss": 0.3972504436969757, "best_epoch": 18, "_wandb": {"runtime": 154}}