{"graph": {"_type": "graph-file", "sha256": "39cb1964adea74fa21be9c51d46ae390d2175a13b3ea0badabfc6696f2e45372", "size": 1499, "path": "media/graph/graph_summary_39cb1964adea74fa21be.graph.json"}, "epoch": 10, "_timestamp": 1659782573, "_runtime": 201, "loss": 0.4227316081523895, "accuracy": 0.7973827719688416, "val_loss": 0.4022665321826935, "val_accuracy": 0.8073605895042419, "_step": 22, "best_val_loss": 0.3940029740333557, "best_epoch": 7, "_wandb": {"runtime": 90}}