{"graph": {"_type": "graph-file", "sha256": "305e98b074e76eaefc59c435be7d25ec6b9c216b39f76b438ee4e78275677c3a", "size": 883, "path": "media/graph/graph_summary_305e98b074e76eaefc59.graph.json"}, "epoch": 24, "_timestamp": 1659779861, "_runtime": 73, "loss": 0.41050708293914795, "accuracy": 0.811619222164154, "val_loss": 0.44255298376083374, "val_accuracy": 0.8039103150367737, "_step": 24, "best_val_loss": 0.4067673087120056, "best_epoch": 8, "_wandb": {"runtime": 297}}