{"graph": {"_type": "graph-file", "sha256": "9f51d9899c9b155ec4a9f04c0ba7655a4c8573ccd475322e415aeaf3464a8fb0", "size": 908, "path": "media/graph/graph_summary_9f51d9899c9b155ec4a9.graph.json"}, "epoch": 46, "_timestamp": 1659787470, "_runtime": 121, "loss": 0.39816153049468994, "accuracy": 0.8123382329940796, "val_loss": 0.39906513690948486, "val_accuracy": 0.8027602434158325, "_step": 46, "best_val_loss": 0.3945165276527405, "best_epoch": 31, "_wandb": {"runtime": 176}}