{"graph": {"_type": "graph-file", "sha256": "9e068d7bab6ee39b9c14cf3e94d91110953c55f0e0888621756c94b0dd7d9f2d", "size": 1212, "path": "media/graph/graph_summary_9e068d7bab6ee39b9c14.graph.json"}, "epoch": 29, "_timestamp": 1659796188, "_runtime": 76, "loss": 0.4009215235710144, "accuracy": 0.8078224658966064, "val_loss": 0.40372052788734436, "val_accuracy": 0.800613522529602, "_step": 29, "best_val_loss": 0.3919399678707123, "best_epoch": 27, "_wandb": {"runtime": 219}}