{"graph": {"_type": "graph-file", "sha256": "3ecb54d97ec0ecf8a9d705e0a96ff0e5ce40d1c647afe66587e9aae029d35bd5", "size": 1797, "path": "media/graph/graph_summary_3ecb54d97ec0ecf8a9d7.graph.json"}, "epoch": 21, "_timestamp": 1659783914, "_runtime": 96, "loss": 0.4177560806274414, "accuracy": 0.7972390055656433, "val_loss": 0.41060787439346313, "val_accuracy": 0.7998850345611572, "_step": 21, "best_val_loss": 0.3977168798446655, "best_epoch": 18, "_wandb": {"runtime": 138}}