{"graph": {"_type": "graph-file", "sha256": "a08e841a6e9e765ac59b608d08995d2da8a3b5796c24d678b4ed79fa3cdefe09", "size": 883, "path": "media/graph/graph_summary_a08e841a6e9e765ac59b.graph.json"}, "epoch": 49, "_timestamp": 1659780239, "_runtime": 145, "loss": 0.410409539937973, "accuracy": 0.8144952654838562, "val_loss": 0.839142382144928, "val_accuracy": 0.786083996295929, "_step": 49, "best_val_loss": 0.4117649793624878, "best_epoch": 17, "_wandb": {"runtime": 146}}