{"graph": {"_type": "graph-file", "sha256": "1b67d773cc53b5ac8df9b8ce524f575367da9105ce02abc7897fb7f811d58091", "size": 2096, "path": "media/graph/graph_summary_1b67d773cc53b5ac8df9.graph.json"}, "epoch": 33, "_timestamp": 1659784453, "_runtime": 176, "loss": 0.4091377258300781, "accuracy": 0.8064423203468323, "val_loss": 0.40511539578437805, "val_accuracy": 0.7987349033355713, "_step": 33, "best_val_loss": 0.39301276206970215, "best_epoch": 18, "_wandb": {"runtime": 179}}