{"graph": {"_type": "graph-file", "sha256": "489b81de68b6c194f9186840eb56ca0be1e6574a4138b4f7adf5e7f64dd423a8", "size": 1480, "path": "media/graph/graph_summary_489b81de68b6c194f918.graph.json"}, "epoch": 11, "_timestamp": 1659782025, "_runtime": 159, "loss": 0.42284369468688965, "accuracy": 0.7973827719688416, "val_loss": 0.4023294448852539, "val_accuracy": 0.7981598973274231, "_step": 22, "best_val_loss": 0.3954141438007355, "best_epoch": 7, "_wandb": {"runtime": 500}}