{"graph": {"_type": "graph-file", "sha256": "831e26ed548fe87e148b05df19fc829b6332dfccc363f7a10d3f56c961950374", "size": 1212, "path": "media/graph/graph_summary_831e26ed548fe87e148b.graph.json"}, "epoch": 51, "_timestamp": 1659796889, "_runtime": 156, "loss": 0.3961484730243683, "accuracy": 0.8098525404930115, "val_loss": 0.40086629986763, "val_accuracy": 0.796012282371521, "_step": 51, "best_val_loss": 0.39764267206192017, "best_epoch": 27, "_wandb": {"runtime": 262}}