{"graph": {"_type": "graph-file", "sha256": "7d996bd93b4bea360f74e310847bc0a9414d8f8bd8f8994ef732b64cd489ab15", "size": 1797, "path": "media/graph/graph_summary_7d996bd93b4bea360f74.graph.json"}, "epoch": 27, "_timestamp": 1659783772, "_runtime": 122, "loss": 0.4125787317752838, "accuracy": 0.802128255367279, "val_loss": 0.41375860571861267, "val_accuracy": 0.8004600405693054, "_step": 27, "best_val_loss": 0.3956897258758545, "best_epoch": 18, "_wandb": {"runtime": 125}}