{"graph": {"_type": "graph-file", "sha256": "290ac69700cd5350cfabbbfe964719d5075a9be06821a2836bf1739e28000c42", "size": 2096, "path": "media/graph/graph_summary_290ac69700cd5350cfab.graph.json"}, "epoch": 46, "_timestamp": 1659784244, "_runtime": 280, "loss": 0.4034684896469116, "accuracy": 0.8088869452476501, "val_loss": 0.4308018982410431, "val_accuracy": 0.795859694480896, "_step": 46, "best_val_loss": 0.4058186709880829, "best_epoch": 20, "_wandb": {"runtime": 240}}