{"graph": {"_type": "graph-file", "sha256": "a1d88d520a9643fedbff6390e1ea6a65f2b235024f9edebe9d8dc825be6bace5", "size": 1461, "path": "media/graph/graph_summary_a1d88d520a9643fedbff.graph.json"}, "epoch": 25, "_timestamp": 1659780888, "_runtime": 155, "loss": 2.3641164302825928, "accuracy": 0.6462467908859253, "val_loss": 10.307347297668457, "val_accuracy": 0.8062105178833008, "_step": 25, "best_val_loss": 0.4724067151546478, "best_epoch": 1, "_wandb": {"runtime": 158}}