{"graph": {"_type": "graph-file", "sha256": "ddfc6b185bbc644dad99be756e891190f97a88702d7f94a0d70ea2f2d897b5f7", "size": 1203, "path": "media/graph/graph_summary_ddfc6b185bbc644dad99.graph.json"}, "epoch": 28, "_timestamp": 1659787324, "_runtime": 92, "loss": 0.4023077189922333, "accuracy": 0.8075927495956421, "val_loss": 0.39399853348731995, "val_accuracy": 0.8050603866577148, "_step": 28, "best_val_loss": 0.39226457476615906, "best_epoch": 21, "_wandb": {"runtime": 92}}