{"graph": {"_type": "graph-file", "sha256": "4660d2d6e28782ebc9af0062014aa49b1e12be7bcc7d97f04dbd4e81b26dd98f", "size": 883, "path": "media/graph/graph_summary_4660d2d6e28782ebc9af.graph.json"}, "epoch": 24, "_timestamp": 1659779294, "_runtime": 44, "loss": 0.35779473185539246, "accuracy": 0.8255680203437805, "val_loss": 0.45775648951530457, "val_accuracy": 0.7952846884727478, "_step": 24, "best_val_loss": 0.4027675986289978, "best_epoch": 1, "_wandb": {"runtime": 45}}