{"graph": {"_type": "graph-file", "sha256": "966b347b654fd15ca9f9cff9423cb9fcc04f1cb9e4b8c0dc6091068bd1a7e4bb", "size": 1200, "path": "media/graph/graph_summary_966b347b654fd15ca9f9.graph.json"}, "epoch": 74, "_timestamp": 1659788124, "_runtime": 225, "loss": 0.388413667678833, "accuracy": 0.8134886622428894, "val_loss": 0.4012487530708313, "val_accuracy": 0.8016101717948914, "_step": 74, "best_val_loss": 0.38973745703697205, "best_epoch": 44, "_wandb": {"runtime": 224}}