{"graph": {"_type": "graph-file", "sha256": "7cd2137589f5e2f1588d9e327fcd88b8d4f1197c8a9816b7cb4493a1dbdf8b20", "size": 908, "path": "media/graph/graph_summary_7cd2137589f5e2f1588d.graph.json"}, "epoch": 64, "_timestamp": 1659787701, "_runtime": 168, "loss": 0.41152963042259216, "accuracy": 0.8083117604255676, "val_loss": 0.42152100801467896, "val_accuracy": 0.7970098257064819, "_step": 64, "best_val_loss": 0.41495785117149353, "best_epoch": 60, "_wandb": {"runtime": 171}}