{"graph": {"_type": "graph-file", "sha256": "09ad40aadaccb767baa4c886e1c0c976e49b6fe8a491058cdf4e857a832bb202", "size": 1212, "path": "media/graph/graph_summary_09ad40aadaccb767baa4.graph.json"}, "epoch": 62, "_timestamp": 1659795260, "_runtime": 277, "loss": 0.3989206850528717, "accuracy": 0.8086345195770264, "val_loss": 0.406759649515152, "val_accuracy": 0.7983129024505615, "_step": 80, "best_val_loss": 0.39613619446754456, "best_epoch": 52, "_wandb": {"runtime": 257}}