{"graph": {"_type": "graph-file", "sha256": "20406812bcc684173302fb4022c30d0dff98588c2b2303cecb96fbe2f88a3e22", "size": 469, "path": "media/graph/graph_summary_20406812bcc684173302.graph.json"}, "epoch": 25, "_timestamp": 1659797529, "_runtime": 527, "loss": 0.40300849080085754, "accuracy": 0.8053382635116577, "val_loss": 0.3940509259700775, "val_accuracy": 0.8054277896881104, "_step": 103, "best_val_loss": 0.3889251947402954, "best_epoch": 21}