{"graph": {"_type": "graph-file", "sha256": "5ea37ab5e271a8eaae1a1331341c2c3e8be7f5e0ce0557941dbb933b8d24e321", "size": 585, "path": "media/graph/graph_summary_5ea37ab5e271a8eaae1a.graph.json"}, "epoch": 48, "_timestamp": 1659797934, "_runtime": 130, "loss": 0.377564936876297, "accuracy": 0.8186838626861572, "val_loss": 0.39483243227005005, "val_accuracy": 0.8086476922035217, "_step": 48, "best_val_loss": 0.3883233666419983, "best_epoch": 21, "_wandb": {"runtime": 88355}}