{"graph": {"_type": "graph-file", "sha256": "d302e73f8d9c1ef55fdc7ce8bb50dbbe609414032900873f2888e1e29eb7f80d", "size": 1453, "path": "media/graph/graph_summary_d302e73f8d9c1ef55fdc.graph.json"}, "epoch": 49, "_timestamp": 1659780593, "_runtime": 155, "loss": 0.6598077416419983, "accuracy": 0.7932125329971313, "val_loss": 0.7325050830841064, "val_accuracy": 0.7970098257064819, "_step": 49, "best_val_loss": 0.42248037457466125, "best_epoch": 8, "_wandb": {"runtime": 287}}