{"graph": {"_type": "graph-file", "sha256": "3f40840cd939cd656196fdb0cf6bc193ff6523c2afa922e139dd9cf221349367", "size": 1212, "path": "media/graph/graph_summary_3f40840cd939cd656196.graph.json"}, "epoch": 57, "_timestamp": 1659795666, "_runtime": 363, "loss": 0.39440423250198364, "accuracy": 0.8106645345687866, "val_loss": 0.4146314859390259, "val_accuracy": 0.7944785952568054, "_step": 57, "best_val_loss": 0.40281346440315247, "best_epoch": 52, "_wandb": {"runtime": 406}}