{"graph": {"_type": "graph-file", "sha256": "9c955d26ee3905859ca668c6165a64002311a665b0a1cc691c8cc5cf7c20a505", "size": 1200, "path": "media/graph/graph_summary_9c955d26ee3905859ca6.graph.json"}, "epoch": 38, "_timestamp": 1659787854, "_runtime": 128, "loss": 0.39948156476020813, "accuracy": 0.8113316297531128, "val_loss": 0.4025135040283203, "val_accuracy": 0.7924094796180725, "_step": 38, "best_val_loss": 0.38987159729003906, "best_epoch": 31, "_wandb": {"runtime": 165}}