{"graph": {"_type": "graph-file", "sha256": "70b0484e00bf4173b9b67acda5cc7253d501c469c9906294491fc5e066fef358", "size": 2096, "path": "media/graph/graph_summary_70b0484e00bf4173b9b6.graph.json"}, "epoch": 18, "_timestamp": 1659784614, "_runtime": 98, "loss": 0.4344257116317749, "accuracy": 0.796663761138916, "val_loss": 0.4046962857246399, "val_accuracy": 0.7981598973274231, "_step": 18, "best_val_loss": 0.4046962857246399, "best_epoch": 18, "_wandb": {"runtime": 2704}}