{"graph": {"_type": "graph-file", "sha256": "b3bc0fccd40ca1fb82311f884cc17af56e38feed6ca9c40005630783f703e73e", "size": 1499, "path": "media/graph/graph_summary_b3bc0fccd40ca1fb8231.graph.json"}, "epoch": 25, "_timestamp": 1659783095, "_runtime": 178, "loss": 0.40545353293418884, "accuracy": 0.8052918910980225, "val_loss": 0.40662333369255066, "val_accuracy": 0.7981598973274231, "_step": 40, "best_val_loss": 0.3938477039337158, "best_epoch": 17, "_wandb": {"runtime": 261}}