{"graph": {"_type": "graph-file", "sha256": "d3517957c7fe43dec67547da180c91a1a5dd432500b477a9acc4da57cd5e222d", "size": 1212, "path": "media/graph/graph_summary_d3517957c7fe43dec675.graph.json"}, "epoch": 36, "_timestamp": 1659796673, "_runtime": 92, "loss": 0.397548645734787, "accuracy": 0.8095818758010864, "val_loss": 0.39850398898124695, "val_accuracy": 0.796012282371521, "_step": 36, "best_val_loss": 0.3976443111896515, "best_epoch": 27, "_wandb": {"runtime": 92}}