{"graph": {"_type": "graph-file", "sha256": "f343409262e24f4929f1bb83cf46edce7a9ad9bb5fdfb4c6da40f8cb65a7bfd3", "size": 1204, "path": "media/graph/graph_summary_f343409262e24f4929f1.graph.json"}, "epoch": 74, "_timestamp": 1659792047, "_runtime": 224, "loss": 0.39530256390571594, "accuracy": 0.8109002113342285, "val_loss": 0.40018513798713684, "val_accuracy": 0.8044853806495667, "_step": 74, "best_val_loss": 0.39129987359046936, "best_epoch": 44, "_wandb": {"runtime": 3153}}