{"graph": {"_type": "graph-file", "sha256": "12d998130a353b258bb351b0c3f24278aa3036bc62d9f7f08322c3b91f155a83", "size": 1212, "path": "media/graph/graph_summary_12d998130a353b258bb3.graph.json"}, "epoch": 55, "_timestamp": 1659796477, "_runtime": 139, "loss": 0.4017348289489746, "accuracy": 0.8074164986610413, "val_loss": 0.40015333890914917, "val_accuracy": 0.800613522529602, "_step": 55, "best_val_loss": 0.3997894823551178, "best_epoch": 27, "_wandb": {"runtime": 139}}