{"graph": {"_type": "graph-file", "sha256": "a24a5c7604496353c357c5c242e5de1575001e3b32ff81e6e6ad7cfdfcac2590", "size": 1212, "path": "media/graph/graph_summary_a24a5c7604496353c357.graph.json"}, "epoch": 57, "_timestamp": 1659796069, "_runtime": 352, "loss": 0.4048575460910797, "accuracy": 0.8038977384567261, "val_loss": 0.4103294610977173, "val_accuracy": 0.7937117218971252, "_step": 57, "best_val_loss": 0.4072323441505432, "best_epoch": 45, "_wandb": {"runtime": 351}}