{"graph": {"_type": "graph-file", "sha256": "11ce5a01e2ff8e8a62336193d1504592828f30a3f1a7dadbb9ef91f683b401ab", "size": 1477, "path": "media/graph/graph_summary_11ce5a01e2ff8e8a6233.graph.json"}, "epoch": 49, "_timestamp": 1659781589, "_runtime": 240, "loss": 0.3963976502418518, "accuracy": 0.810181200504303, "val_loss": 0.3966108560562134, "val_accuracy": 0.8056354522705078, "_step": 49, "best_val_loss": 0.3923012614250183, "best_epoch": 30, "_wandb": {"runtime": 189}}