{"graph": {"_type": "graph-file", "sha256": "6d856411966c251c4f79eefb68e43344e01c2af36bdfe2ab67cfba021e3d7787", "size": 1469, "path": "media/graph/graph_summary_6d856411966c251c4f79.graph.json"}, "epoch": 49, "_timestamp": 1659781200, "_runtime": 287, "loss": 0.4213064908981323, "accuracy": 0.8068737387657166, "val_loss": 0.7538599371910095, "val_accuracy": 0.8004600405693054, "_step": 49, "best_val_loss": 0.4071468412876129, "best_epoch": 11, "_wandb": {"runtime": 427}}